driver,lap_time_s,lap_time_str,lap_id,n_samples,filename
Jaume Calabuig,99.956,01:39.956,01KD3RZR0X7JHZVXDC8SWNQK82,5997,Garage 61 - Jaume Calabuig - Ferrari 296 GT3 - Autodromo Internazionale Enzo e Dino Ferrari (Grand Prix) - 01.39.956 - 01KD3RZR0X7JHZVXDC8SWNQK82.csv
Aleksandr Chemyrtan,100.104,01:40.104,01KD5GZ2Y439N6QGR8XHYVQ3WG,6006,Garage 61 - Aleksandr Chemyrtan - Ferrari 296 GT3 - Autodromo Internazionale Enzo e Dino Ferrari (Grand Prix) - 01.40.104 - 01KD5GZ2Y439N6QGR8XHYVQ3WG.csv
Tom Euler,100.176,01:40.176,01KD41X4E8N6SPFXAP1NEVVTQY,6011,Garage 61 - Tom Euler - Ferrari 296 GT3 - Autodromo Internazionale Enzo e Dino Ferrari (Grand Prix) - 01.40.176 - 01KD41X4E8N6SPFXAP1NEVVTQY.csv
Tom Euler,100.197,01:40.197,01KD3XNGE89TEW9XF8NQ2T365V,6011,Garage 61 - Tom Euler - Ferrari 296 GT3 - Autodromo Internazionale Enzo e Dino Ferrari (Grand Prix) - 01.40.197 - 01KD3XNGE89TEW9XF8NQ2T365V.csv
Jaume Calabuig,100.261,01:40.261,01KD44V77ASHBMC2PKWK3VCYKD,6016,Garage 61 - Jaume Calabuig - Ferrari 296 GT3 - Autodromo Internazionale Enzo e Dino Ferrari (Grand Prix) - 01.40.261 - 01KD44V77ASHBMC2PKWK3VCYKD.csv
Nikko De Bellis,100.276,01:40.276,01KD8W157GSEQ0BZRGYVVZ0GE4,6017,Garage 61 - Nikko De Bellis - Ferrari 296 GT3 - Autodromo Internazionale Enzo e Dino Ferrari (Grand Prix) - 01.40.276 - 01KD8W157GSEQ0BZRGYVVZ0GE4.csv
Tom Euler,100.282,01:40.282,01KD3TWMR8DV1XBND1TV04CFBE,6017,Garage 61 - Tom Euler - Ferrari 296 GT3 - Autodromo Internazionale Enzo e Dino Ferrari (Grand Prix) - 01.40.282 - 01KD3TWMR8DV1XBND1TV04CFBE.csv
준후 권,100.289,01:40.289,01KD3AJE5Y4RSVHJ4YB2HTMGMJ,6018,Garage 61 - 준후 권 - Ferrari 296 GT3 - Autodromo Internazionale Enzo e Dino Ferrari (Grand Prix) - 01.40.289 - 01KD3AJE5Y4RSVHJ4YB2HTMGMJ.csv
Tom Euler,100.293,01:40.293,01KD3XNGE89TEW9XF8Q646J17M,6018,Garage 61 - Tom Euler - Ferrari 296 GT3 - Autodromo Internazionale Enzo e Dino Ferrari (Grand Prix) - 01.40.293 - 01KD3XNGE89TEW9XF8Q646J17M.csv
Alexander Paulick,100.333,01:40.333,01KDDBMDRX65HFN7Q4DXEAYG4E,6019,Garage 61 - Alexander Paulick - Ferrari 296 GT3 - Autodromo Internazionale Enzo e Dino Ferrari (Grand Prix) - 01.40.333 - 01KDDBMDRX65HFN7Q4DXEAYG4E.csv
Jaume Calabuig,100.342,01:40.342,01KD44V77ASHBMC2PKWNVJA2NW,6020,Garage 61 - Jaume Calabuig - Ferrari 296 GT3 - Autodromo Internazionale Enzo e Dino Ferrari (Grand Prix) - 01.40.342 - 01KD44V77ASHBMC2PKWNVJA2NW.csv
Dmitry Sokolov,100.375,01:40.375,01KDB4C69SZREC6SCTFMZH3JHA,6022,Garage 61 - Dmitry Sokolov - Ferrari 296 GT3 - Autodromo Internazionale Enzo e Dino Ferrari (Grand Prix) - 01.40.375 - 01KDB4C69SZREC6SCTFMZH3JHA.csv
Tom Euler,100.379,01:40.379,01KD38CDT2EZNYKTBKW6XJ6FT5,6023,Garage 61 - Tom Euler - Ferrari 296 GT3 - Autodromo Internazionale Enzo e Dino Ferrari (Grand Prix) - 01.40.379 - 01KD38CDT2EZNYKTBKW6XJ6FT5.csv
Marshall Skare,100.423,01:40.423,01KDJ6C9CQ532754X7GMSR0F8J,6025,Garage 61 - Marshall Skare - Ferrari 296 GT3 - Autodromo Internazionale Enzo e Dino Ferrari (Grand Prix) - 01.40.423 - 01KDJ6C9CQ532754X7GMSR0F8J.csv
Jaume Calabuig,100.43,01:40.430,01KD44V7773RQEYY4WRS917KF4,6026,Garage 61 - Jaume Calabuig - Ferrari 296 GT3 - Autodromo Internazionale Enzo e Dino Ferrari (Grand Prix) - 01.40.430 - 01KD44V7773RQEYY4WRS917KF4.csv
Marshall Skare,100.456,01:40.456,01KDK7SPQ1X8MRA4YQ417E7Z4H,6027,Garage 61 - Marshall Skare - Ferrari 296 GT3 - Autodromo Internazionale Enzo e Dino Ferrari (Grand Prix) - 01.40.456 - 01KDK7SPQ1X8MRA4YQ417E7Z4H.csv
Michael Vlasak,100.481,01:40.481,01KD88N989NC77RYBNXV9VVARX,6029,Garage 61 - Michael Vlasak - Ferrari 296 GT3 - Autodromo Internazionale Enzo e Dino Ferrari (Grand Prix) - 01.40.481 - 01KD88N989NC77RYBNXV9VVARX.csv
Marshall Skare,100.49,01:40.490,01KDK7SPQ1X8MRA4YQ3TYNQQQD,6030,Garage 61 - Marshall Skare - Ferrari 296 GT3 - Autodromo Internazionale Enzo e Dino Ferrari (Grand Prix) - 01.40.490 - 01KDK7SPQ1X8MRA4YQ3TYNQQQD.csv
Marshall Skare,100.498,01:40.498,01KDK6XEFHQDMC768QDKSB7V0C,6030,Garage 61 - Marshall Skare - Ferrari 296 GT3 - Autodromo Internazionale Enzo e Dino Ferrari (Grand Prix) - 01.40.498 - 01KDK6XEFHQDMC768QDKSB7V0C.csv
Steven Singer,100.523,01:40.523,01KDKC1B2BFXPCX2H9YFG17PDY,6031,Garage 61 - Steven Singer - Ferrari 296 GT3 - Autodromo Internazionale Enzo e Dino Ferrari (Grand Prix) - 01.40.523 - 01KDKC1B2BFXPCX2H9YFG17PDY.csv
Masin Sandlin,100.524,01:40.524,01KFPJQN57MJKEVSJYSWXS37R5,6031,Garage 61 - Masin Sandlin - Ferrari 296 GT3 - Autodromo Internazionale Enzo e Dino Ferrari (Grand Prix) - 01.40.524 - 01KFPJQN57MJKEVSJYSWXS37R5.csv
Javi Pérez González,101.818,01:41.818,01KD5T9D3GHYMVZ18TJMV0RW0H,6109,Garage 61 - Javi Pérez González - Ferrari 296 GT3 - Autodromo Internazionale Enzo e Dino Ferrari (Grand Prix) - 01.41.818 - 01KD5T9D3GHYMVZ18TJMV0RW0H.csv
Dale Pedersen,101.818,01:41.818,01KCMC5S01XCW5Q82ER0PCXJN6,6109,Garage 61 - Dale Pedersen - Ferrari 296 GT3 - Autodromo Internazionale Enzo e Dino Ferrari (Grand Prix) - 01.41.818 - 01KCMC5S01XCW5Q82ER0PCXJN6.csv
Jean-Michel Noyon,101.818,01:41.818,01KD8FR5JA0K34KKB6CFXAXVTD,6110,Garage 61 - Jean-Michel Noyon - Ferrari 296 GT3 - Autodromo Internazionale Enzo e Dino Ferrari (Grand Prix) - 01.41.818 - 01KD8FR5JA0K34KKB6CFXAXVTD.csv
Alden Lisboa,101.82,01:41.820,01KDG8B3QB3MHC5B708S58FFD5,6109,Garage 61 - Alden Lisboa - Ferrari 296 GT3 - Autodromo Internazionale Enzo e Dino Ferrari (Grand Prix) - 01.41.820 - 01KDG8B3QB3MHC5B708S58FFD5.csv
Fernando Sacramento,101.82,01:41.820,01KD4S3RHJ62PYN111FVS26WFC,6109,Garage 61 - Fernando Sacramento - Ferrari 296 GT3 - Autodromo Internazionale Enzo e Dino Ferrari (Grand Prix) - 01.41.820 - 01KD4S3RHJ62PYN111FVS26WFC.csv
Vincent Lodder,101.82,01:41.820,01KDGSMKE8CH8TKKXQ5Q0YQ5BP,6109,Garage 61 - Vincent Lodder - Ferrari 296 GT3 - Autodromo Internazionale Enzo e Dino Ferrari (Grand Prix) - 01.41.820 - 01KDGSMKE8CH8TKKXQ5Q0YQ5BP.csv
Alden Lisboa,101.821,01:41.821,01KDG8B3QB3MHC5B708RPV9ZY3,6110,Garage 61 - Alden Lisboa - Ferrari 296 GT3 - Autodromo Internazionale Enzo e Dino Ferrari (Grand Prix) - 01.41.821 - 01KDG8B3QB3MHC5B708RPV9ZY3.csv
Balázs Jeránek,101.821,01:41.821,01KD56WVN9W0AR4NM2TKSJ3EYQ,6109,Garage 61 - Balázs Jeránek - Ferrari 296 GT3 - Autodromo Internazionale Enzo e Dino Ferrari (Grand Prix) - 01.41.821 - 01KD56WVN9W0AR4NM2TKSJ3EYQ.csv
Joshua Wilk,101.822,01:41.822,01KD6A7Q01B9544TVJ4GA8TMZ2,6109,Garage 61 - Joshua Wilk - Ferrari 296 GT3 - Autodromo Internazionale Enzo e Dino Ferrari (Grand Prix) - 01.41.822 - 01KD6A7Q01B9544TVJ4GA8TMZ2.csv
Jaka Bezjak,101.822,01:41.822,01KDGYFP2V81F4GHN2F96Y0B41,6109,Garage 61 - Jaka Bezjak - Ferrari 296 GT3 - Autodromo Internazionale Enzo e Dino Ferrari (Grand Prix) - 01.41.822 - 01KDGYFP2V81F4GHN2F96Y0B41.csv
Sebastian Trujillo,101.822,01:41.822,01KDE0DQ4SCXH5FT4Z7X5T3SGN,6109,Garage 61 - Sebastian Trujillo - Ferrari 296 GT3 - Autodromo Internazionale Enzo e Dino Ferrari (Grand Prix) - 01.41.822 - 01KDE0DQ4SCXH5FT4Z7X5T3SGN.csv
Robert Samczyk,101.822,01:41.822,01KDNYDXYCMH6Z13GF1JV8R9YT,6109,Garage 61 - Robert Samczyk - Ferrari 296 GT3 - Autodromo Internazionale Enzo e Dino Ferrari (Grand Prix) - 01.41.822 - 01KDNYDXYCMH6Z13GF1JV8R9YT.csv
Boldizsár Lantos,101.823,01:41.823,01KCYJEM2NPH9NDV5YJYEE2ZKC,6110,Garage 61 - Boldizsár Lantos - Ferrari 296 GT3 - Autodromo Internazionale Enzo e Dino Ferrari (Grand Prix) - 01.41.823 - 01KCYJEM2NPH9NDV5YJYEE2ZKC.csv
Jaka Bezjak,102.47,01:42.470,01KDGYFP2Q5RKHME591CP4F56K,6148,Garage 61 - Jaka Bezjak - Ferrari 296 GT3 - Autodromo Internazionale Enzo e Dino Ferrari (Grand Prix) - 01.42.470 - 01KDGYFP2Q5RKHME591CP4F56K.csv
Faizal Mehrabi,102.471,01:42.471,01KD8D7M4TJ6V9XSTDEJ1WPGXH,6149,Garage 61 - Faizal Mehrabi - Ferrari 296 GT3 - Autodromo Internazionale Enzo e Dino Ferrari (Grand Prix) - 01.42.471 - 01KD8D7M4TJ6V9XSTDEJ1WPGXH.csv
Joshua Wilk,102.471,01:42.471,01KD8QSNDQ73SYK0RWDVQ3SQ0Z,6147,Garage 61 - Joshua Wilk - Ferrari 296 GT3 - Autodromo Internazionale Enzo e Dino Ferrari (Grand Prix) - 01.42.471 - 01KD8QSNDQ73SYK0RWDVQ3SQ0Z.csv
Ozgur Koc,102.471,01:42.471,01KDBE2Z4VG7EB9M841RMX3ZG5,6148,Garage 61 - Ozgur Koc - Ferrari 296 GT3 - Autodromo Internazionale Enzo e Dino Ferrari (Grand Prix) - 01.42.471 - 01KDBE2Z4VG7EB9M841RMX3ZG5.csv
David Schwiegeraht,102.471,01:42.471,01KDENJM5HSX0RZ6WG5EXZ1BBH,6148,Garage 61 - David Schwiegeraht - Ferrari 296 GT3 - Autodromo Internazionale Enzo e Dino Ferrari (Grand Prix) - 01.42.471 - 01KDENJM5HSX0RZ6WG5EXZ1BBH.csv
Jean-Michel Noyon,102.472,01:42.472,01KD5X67Z39KK15AJ9H3EQX4TW,6148,Garage 61 - Jean-Michel Noyon - Ferrari 296 GT3 - Autodromo Internazionale Enzo e Dino Ferrari (Grand Prix) - 01.42.472 - 01KD5X67Z39KK15AJ9H3EQX4TW.csv
John Doe,102.472,01:42.472,01KDJ30PNAR4H7VPDYQDR2WJAG,6147,Garage 61 - John Doe - Ferrari 296 GT3 - Autodromo Internazionale Enzo e Dino Ferrari (Grand Prix) - 01.42.472 - 01KDJ30PNAR4H7VPDYQDR2WJAG.csv
Matthieu Laurent,102.472,01:42.472,01KDDG18ATCNV3S3ZFGD0ESZ6N,6149,Garage 61 - Matthieu Laurent - Ferrari 296 GT3 - Autodromo Internazionale Enzo e Dino Ferrari (Grand Prix) - 01.42.472 - 01KDDG18ATCNV3S3ZFGD0ESZ6N.csv
Pontus Eriksson,102.472,01:42.472,01KDGSRQRSA02F9S07HW5PWKQ2,6148,Garage 61 - Pontus Eriksson - Ferrari 296 GT3 - Autodromo Internazionale Enzo e Dino Ferrari (Grand Prix) - 01.42.472 - 01KDGSRQRSA02F9S07HW5PWKQ2.csv
Alexander Rönnbäck,102.472,01:42.472,01KDBQXKF9VPVX72YR0WEDPFFE,6149,Garage 61 - Alexander Rönnbäck - Ferrari 296 GT3 - Autodromo Internazionale Enzo e Dino Ferrari (Grand Prix) - 01.42.472 - 01KDBQXKF9VPVX72YR0WEDPFFE.csv
John Rossignol,102.473,01:42.473,01KDNWY9RZVFPJYHN3GXGBGN1D,6148,Garage 61 - John Rossignol - Ferrari 296 GT3 - Autodromo Internazionale Enzo e Dino Ferrari (Grand Prix) - 01.42.473 - 01KDNWY9RZVFPJYHN3GXGBGN1D.csv
Alden Lisboa,102.473,01:42.473,01KDDF0QSMEVGVHNPCEJTKNWYV,6149,Garage 61 - Alden Lisboa - Ferrari 296 GT3 - Autodromo Internazionale Enzo e Dino Ferrari (Grand Prix) - 01.42.473 - 01KDDF0QSMEVGVHNPCEJTKNWYV.csv
Arthur Lynch,102.473,01:42.473,01KDG54XF231V6849HGDQ9PYJ4,6148,Garage 61 - Arthur Lynch - Ferrari 296 GT3 - Autodromo Internazionale Enzo e Dino Ferrari (Grand Prix) - 01.42.473 - 01KDG54XF231V6849HGDQ9PYJ4.csv
Sergei Romanov,102.473,01:42.473,01KDG7FTQN3Z2J5NB2FKV1BK1J,6148,Garage 61 - Sergei Romanov - Ferrari 296 GT3 - Autodromo Internazionale Enzo e Dino Ferrari (Grand Prix) - 01.42.473 - 01KDG7FTQN3Z2J5NB2FKV1BK1J.csv
Alden Lisboa,102.473,01:42.473,01KDEPKKDHF2NN4PEHNV1NDH51,6148,Garage 61 - Alden Lisboa - Ferrari 296 GT3 - Autodromo Internazionale Enzo e Dino Ferrari (Grand Prix) - 01.42.473 - 01KDEPKKDHF2NN4PEHNV1NDH51.csv
Dwarak Adugodi Vittal,102.474,01:42.474,01KD6G6CXTHCYZC3W6A5K3J2NS,6148,Garage 61 - Dwarak Adugodi Vittal - Ferrari 296 GT3 - Autodromo Internazionale Enzo e Dino Ferrari (Grand Prix) - 01.42.474 - 01KD6G6CXTHCYZC3W6A5K3J2NS.csv
Anthony Ramirez,102.474,01:42.474,01KDKJYFDNYQWVY2RBX3TZGD3G,6148,Garage 61 - Anthony Ramirez - Ferrari 296 GT3 - Autodromo Internazionale Enzo e Dino Ferrari (Grand Prix) - 01.42.474 - 01KDKJYFDNYQWVY2RBX3TZGD3G.csv
Gabriel Viera Lorenzo,102.475,01:42.475,01KD3MB70S3W94Y2FP7VWZ1HBM,6148,Garage 61 - Gabriel Viera Lorenzo - Ferrari 296 GT3 - Autodromo Internazionale Enzo e Dino Ferrari (Grand Prix) - 01.42.475 - 01KD3MB70S3W94Y2FP7VWZ1HBM.csv
Pierre-Louis Fort,102.475,01:42.475,01KDNJ6ZRC83RVKND2RTE76YFK,6148,Garage 61 - Pierre-Louis Fort - Ferrari 296 GT3 - Autodromo Internazionale Enzo e Dino Ferrari (Grand Prix) - 01.42.475 - 01KDNJ6ZRC83RVKND2RTE76YFK.csv
Dmitry Sokolov,102.476,01:42.476,01KD3JYQ3EHV45BZGJ8E7DX2TC,6149,Garage 61 - Dmitry Sokolov - Ferrari 296 GT3 - Autodromo Internazionale Enzo e Dino Ferrari (Grand Prix) - 01.42.476 - 01KD3JYQ3EHV45BZGJ8E7DX2TC.csv
Ratchapol Chiengkul,102.476,01:42.476,01KDC2PXVTE50VBM3G9B1EDP0D,6148,Garage 61 - Ratchapol Chiengkul - Ferrari 296 GT3 - Autodromo Internazionale Enzo e Dino Ferrari (Grand Prix) - 01.42.476 - 01KDC2PXVTE50VBM3G9B1EDP0D.csv
Christian Rivera,102.476,01:42.476,01KDK9RQDV4K7X41PQSEZX3CST,6149,Garage 61 - Christian Rivera - Ferrari 296 GT3 - Autodromo Internazionale Enzo e Dino Ferrari (Grand Prix) - 01.42.476 - 01KDK9RQDV4K7X41PQSEZX3CST.csv
Daniel Hölbling-Inzko,102.476,01:42.476,01KDGTQNPSWX32MA825M2Q2C9Y,6149,Garage 61 - Daniel Hölbling-Inzko - Ferrari 296 GT3 - Autodromo Internazionale Enzo e Dino Ferrari (Grand Prix) - 01.42.476 - 01KDGTQNPSWX32MA825M2Q2C9Y.csv
Arthur Lynch,102.476,01:42.476,01KDB318N60YAD4BANQBJ1F2B3,6150,Garage 61 - Arthur Lynch - Ferrari 296 GT3 - Autodromo Internazionale Enzo e Dino Ferrari (Grand Prix) - 01.42.476 - 01KDB318N60YAD4BANQBJ1F2B3.csv
Pontus Eriksson,102.477,01:42.477,01KD3WEXY0X0PCBXCCYN893BKS,6148,Garage 61 - Pontus Eriksson - Ferrari 296 GT3 - Autodromo Internazionale Enzo e Dino Ferrari (Grand Prix) - 01.42.477 - 01KD3WEXY0X0PCBXCCYN893BKS.csv
Marcel Lucke,102.477,01:42.477,01KDHHC3DA7HG8VFJZYE3K1JA5,6148,Garage 61 - Marcel Lucke - Ferrari 296 GT3 - Autodromo Internazionale Enzo e Dino Ferrari (Grand Prix) - 01.42.477 - 01KDHHC3DA7HG8VFJZYE3K1JA5.csv
Ryley Fadden,102.478,01:42.478,01KDE4G2A2WWTNBA02EGGT8JW9,6149,Garage 61 - Ryley Fadden - Ferrari 296 GT3 - Autodromo Internazionale Enzo e Dino Ferrari (Grand Prix) - 01.42.478 - 01KDE4G2A2WWTNBA02EGGT8JW9.csv
Nuno Gomes,102.478,01:42.478,01KDK9YA9GJ2VBZXKVG42HSGVB,6149,Garage 61 - Nuno Gomes - Ferrari 296 GT3 - Autodromo Internazionale Enzo e Dino Ferrari (Grand Prix) - 01.42.478 - 01KDK9YA9GJ2VBZXKVG42HSGVB.csv
Jaka Bezjak,102.479,01:42.479,01KDGYFP2H1YKG0G9TFFGFG6C2,6149,Garage 61 - Jaka Bezjak - Ferrari 296 GT3 - Autodromo Internazionale Enzo e Dino Ferrari (Grand Prix) - 01.42.479 - 01KDGYFP2H1YKG0G9TFFGFG6C2.csv
Ignacio Gamez,102.479,01:42.479,01KDKSR7WHNRJ8PQVH3ZNQ7Z6N,6148,Garage 61 - Ignacio Gamez - Ferrari 296 GT3 - Autodromo Internazionale Enzo e Dino Ferrari (Grand Prix) - 01.42.479 - 01KDKSR7WHNRJ8PQVH3ZNQ7Z6N.csv
Sergi Cardó Catalan,102.479,01:42.479,01KD5Z0DAQ3X1A8B0QYXSMHR3A,6149,Garage 61 - Sergi Cardó Catalan - Ferrari 296 GT3 - Autodromo Internazionale Enzo e Dino Ferrari (Grand Prix) - 01.42.479 - 01KD5Z0DAQ3X1A8B0QYXSMHR3A.csv
Carlos Eduardo de Carvalho,102.479,01:42.479,01KDJGY6XRGSRE1YRZA7Z8C4WD,6149,Garage 61 - Carlos Eduardo de Carvalho - Ferrari 296 GT3 - Autodromo Internazionale Enzo e Dino Ferrari (Grand Prix) - 01.42.479 - 01KDJGY6XRGSRE1YRZA7Z8C4WD.csv
Joshua Smith,102.479,01:42.479,01KDN4P7AXE5QBK60ED1MFE885,6148,Garage 61 - Joshua Smith - Ferrari 296 GT3 - Autodromo Internazionale Enzo e Dino Ferrari (Grand Prix) - 01.42.479 - 01KDN4P7AXE5QBK60ED1MFE885.csv
Max Hastings,102.479,01:42.479,01KDN4J3144HJAD4JX1SSSZD1E,6149,Garage 61 - Max Hastings - Ferrari 296 GT3 - Autodromo Internazionale Enzo e Dino Ferrari (Grand Prix) - 01.42.479 - 01KDN4J3144HJAD4JX1SSSZD1E.csv
Daniel Hölbling-Inzko,102.479,01:42.479,01KDGTQNPSWX32MA824D42E0Z8,6149,Garage 61 - Daniel Hölbling-Inzko - Ferrari 296 GT3 - Autodromo Internazionale Enzo e Dino Ferrari (Grand Prix) - 01.42.479 - 01KDGTQNPSWX32MA824D42E0Z8.csv
Anthony Ramirez,102.48,01:42.480,01KDGZ1MZ0HXS8C5X2DKMNX1GC,6148,Garage 61 - Anthony Ramirez - Ferrari 296 GT3 - Autodromo Internazionale Enzo e Dino Ferrari (Grand Prix) - 01.42.480 - 01KDGZ1MZ0HXS8C5X2DKMNX1GC.csv
Piotr Kuźmiński,102.48,01:42.480,01KE5C6WDMNPTCE3ZHGD8MYCQP,6149,Garage 61 - Piotr Kuźmiński - Ferrari 296 GT3 - Autodromo Internazionale Enzo e Dino Ferrari (Grand Prix) - 01.42.480 - 01KE5C6WDMNPTCE3ZHGD8MYCQP.csv
Joshua Wilk,102.48,01:42.480,01KD6T0TV2EZHB8DFZXGYB9N2H,6147,Garage 61 - Joshua Wilk - Ferrari 296 GT3 - Autodromo Internazionale Enzo e Dino Ferrari (Grand Prix) - 01.42.480 - 01KD6T0TV2EZHB8DFZXGYB9N2H.csv
Pascal Dufresne,102.48,01:42.480,01KD8WHNGJQYY40QGY6E1MAV2E,6148,Garage 61 - Pascal Dufresne - Ferrari 296 GT3 - Autodromo Internazionale Enzo e Dino Ferrari (Grand Prix) - 01.42.480 - 01KD8WHNGJQYY40QGY6E1MAV2E.csv
William Boisvert,102.481,01:42.481,01KDM0XRP1H21FHJVFQZ234ET6,6149,Garage 61 - William Boisvert - Ferrari 296 GT3 - Autodromo Internazionale Enzo e Dino Ferrari (Grand Prix) - 01.42.481 - 01KDM0XRP1H21FHJVFQZ234ET6.csv
Jacopo Marzellan,102.481,01:42.481,01KDH0H9A8TXRBEMGYKNF4QHMM,6150,Garage 61 - Jacopo Marzellan - Ferrari 296 GT3 - Autodromo Internazionale Enzo e Dino Ferrari (Grand Prix) - 01.42.481 - 01KDH0H9A8TXRBEMGYKNF4QHMM.csv
Jacopo Marzellan,102.481,01:42.481,01KDH0H9A8TXRBEMGYKNF4QHMM (1),6150,Garage 61 - Jacopo Marzellan - Ferrari 296 GT3 - Autodromo Internazionale Enzo e Dino Ferrari (Grand Prix) - 01.42.481 - 01KDH0H9A8TXRBEMGYKNF4QHMM (1).csv
Matthew Pursley,102.481,01:42.481,01KDHGXY803FYQB6AJ6PNSSE0P,6149,Garage 61 - Matthew Pursley - Ferrari 296 GT3 - Autodromo Internazionale Enzo e Dino Ferrari (Grand Prix) - 01.42.481 - 01KDHGXY803FYQB6AJ6PNSSE0P.csv
Sergei Romanov,102.481,01:42.481,01KD9QNAVXXDCWPGZ96W20YW07,6149,Garage 61 - Sergei Romanov - Ferrari 296 GT3 - Autodromo Internazionale Enzo e Dino Ferrari (Grand Prix) - 01.42.481 - 01KD9QNAVXXDCWPGZ96W20YW07.csv
Kevin Haire,102.481,01:42.481,01KD4ED9A16K1BYVGK1YWWYBGC,6149,Garage 61 - Kevin Haire - Ferrari 296 GT3 - Autodromo Internazionale Enzo e Dino Ferrari (Grand Prix) - 01.42.481 - 01KD4ED9A16K1BYVGK1YWWYBGC.csv
Jaka Bezjak,102.481,01:42.481,01KDGYFP2SJPMHHECBCZPPVFMH,6149,Garage 61 - Jaka Bezjak - Ferrari 296 GT3 - Autodromo Internazionale Enzo e Dino Ferrari (Grand Prix) - 01.42.481 - 01KDGYFP2SJPMHHECBCZPPVFMH.csv
Dwarak Adugodi Vittal,102.482,01:42.482,01KD872ZGXEKXF3N43TRCNSCCX,6149,Garage 61 - Dwarak Adugodi Vittal - Ferrari 296 GT3 - Autodromo Internazionale Enzo e Dino Ferrari (Grand Prix) - 01.42.482 - 01KD872ZGXEKXF3N43TRCNSCCX.csv
Mikhail Lapuka,102.482,01:42.482,01KDAZSC9YVTYCK19XPSTBBPV9,6149,Garage 61 - Mikhail Lapuka - Ferrari 296 GT3 - Autodromo Internazionale Enzo e Dino Ferrari (Grand Prix) - 01.42.482 - 01KDAZSC9YVTYCK19XPSTBBPV9.csv
Anthony Ramirez,102.482,01:42.482,01KDKJYFDMYN8TWZMHK0K4ZPC3,6149,Garage 61 - Anthony Ramirez - Ferrari 296 GT3 - Autodromo Internazionale Enzo e Dino Ferrari (Grand Prix) - 01.42.482 - 01KDKJYFDMYN8TWZMHK0K4ZPC3.csv
David Morse,102.482,01:42.482,01KDS0JH03Y9FS5AWF1G26Q5JJ,6149,Garage 61 - David Morse - Ferrari 296 GT3 - Autodromo Internazionale Enzo e Dino Ferrari (Grand Prix) - 01.42.482 - 01KDS0JH03Y9FS5AWF1G26Q5JJ.csv
Jacopo Marzellan,102.482,01:42.482,01KDGXKF8CNV4T8B8FW858ZY15,6149,Garage 61 - Jacopo Marzellan - Ferrari 296 GT3 - Autodromo Internazionale Enzo e Dino Ferrari (Grand Prix) - 01.42.482 - 01KDGXKF8CNV4T8B8FW858ZY15.csv
Eugen Jochim,102.482,01:42.482,01KDKJMBRWFKYJJXVYP1YT9CE2,6149,Garage 61 - Eugen Jochim - Ferrari 296 GT3 - Autodromo Internazionale Enzo e Dino Ferrari (Grand Prix) - 01.42.482 - 01KDKJMBRWFKYJJXVYP1YT9CE2.csv
Christian Rivera,102.482,01:42.482,01KDBH4HXHA1G44E6J7C9DAMYM,6149,Garage 61 - Christian Rivera - Ferrari 296 GT3 - Autodromo Internazionale Enzo e Dino Ferrari (Grand Prix) - 01.42.482 - 01KDBH4HXHA1G44E6J7C9DAMYM.csv
Jean-Michel Noyon,102.482,01:42.482,01KD8FR5JA0K34KKB6CTXH8Q9W,6149,Garage 61 - Jean-Michel Noyon - Ferrari 296 GT3 - Autodromo Internazionale Enzo e Dino Ferrari (Grand Prix) - 01.42.482 - 01KD8FR5JA0K34KKB6CTXH8Q9W.csv
salvatore mirabile,102.483,01:42.483,01KDN2W7BT7E0ZE3V1ARY7HS5D,6149,Garage 61 - salvatore mirabile - Ferrari 296 GT3 - Autodromo Internazionale Enzo e Dino Ferrari (Grand Prix) - 01.42.483 - 01KDN2W7BT7E0ZE3V1ARY7HS5D.csv
Max Coldron,102.483,01:42.483,01KDRDPVNW8VD200DBR8MTAF2H,6149,Garage 61 - Max Coldron - Ferrari 296 GT3 - Autodromo Internazionale Enzo e Dino Ferrari (Grand Prix) - 01.42.483 - 01KDRDPVNW8VD200DBR8MTAF2H.csv
Rick Xion,102.483,01:42.483,01KD9CE77EH5SBRY37N6ZKV26F,6149,Garage 61 - Rick Xion - Ferrari 296 GT3 - Autodromo Internazionale Enzo e Dino Ferrari (Grand Prix) - 01.42.483 - 01KD9CE77EH5SBRY37N6ZKV26F.csv
Alessio Brogi,102.483,01:42.483,01KDNCX2HZB5H601FZAY7ECWRH,6148,Garage 61 - Alessio Brogi - Ferrari 296 GT3 - Autodromo Internazionale Enzo e Dino Ferrari (Grand Prix) - 01.42.483 - 01KDNCX2HZB5H601FZAY7ECWRH.csv
Jean-Michel Noyon,102.484,01:42.484,01KD3FBMRH0E1CAK2DPRDSEG4A,6149,Garage 61 - Jean-Michel Noyon - Ferrari 296 GT3 - Autodromo Internazionale Enzo e Dino Ferrari (Grand Prix) - 01.42.484 - 01KD3FBMRH0E1CAK2DPRDSEG4A.csv
Nuno Gomes,102.484,01:42.484,01KDK9YA9GJ2VBZXKVFCKKETY4,6149,Garage 61 - Nuno Gomes - Ferrari 296 GT3 - Autodromo Internazionale Enzo e Dino Ferrari (Grand Prix) - 01.42.484 - 01KDK9YA9GJ2VBZXKVFCKKETY4.csv
Nioah Iceman,102.484,01:42.484,01KD8MQC9ZC4QR80CEE8THMETJ,6149,Garage 61 - Nioah Iceman - Ferrari 296 GT3 - Autodromo Internazionale Enzo e Dino Ferrari (Grand Prix) - 01.42.484 - 01KD8MQC9ZC4QR80CEE8THMETJ.csv
Faizal Mehrabi,102.484,01:42.484,01KDK896XQ3G976EV436JB47NJ,6149,Garage 61 - Faizal Mehrabi - Ferrari 296 GT3 - Autodromo Internazionale Enzo e Dino Ferrari (Grand Prix) - 01.42.484 - 01KDK896XQ3G976EV436JB47NJ.csv
Michael Owen,128.918,02:08.918,01KFRB3B8MFVZX836XHFG96NA6,7735,Garage 61 - Michael Owen - Ferrari 296 GT3 - Autodromo Internazionale Enzo e Dino Ferrari (Grand Prix) - 02.08.918 - 01KFRB3B8MFVZX836XHFG96NA6.csv
Jordan Edge,128.967,02:08.967,01KFV4GTD8FE9CH1PNACMTP28C,7738,Garage 61 - Jordan Edge - Ferrari 296 GT3 - Autodromo Internazionale Enzo e Dino Ferrari (Grand Prix) - 02.08.967 - 01KFV4GTD8FE9CH1PNACMTP28C.csv
Yves Queisert,128.97,02:08.970,01KFQXB59SGJFS37T0BSTJS967,7738,Garage 61 - Yves Queisert - Ferrari 296 GT3 - Autodromo Internazionale Enzo e Dino Ferrari (Grand Prix) - 02.08.970 - 01KFQXB59SGJFS37T0BSTJS967.csv
Andreas Michalopoulos,129.003,02:09.003,01KDC9MX87KF3E8DEVM9BQNJE6,7740,Garage 61 - Andreas Michalopoulos - Ferrari 296 GT3 - Autodromo Internazionale Enzo e Dino Ferrari (Grand Prix) - 02.09.003 - 01KDC9MX87KF3E8DEVM9BQNJE6.csv
Nicholas Veen,129.03,02:09.030,01KFM53SSXWCRRWX3CWZG0TVNJ,7742,Garage 61 - Nicholas Veen - Ferrari 296 GT3 - Autodromo Internazionale Enzo e Dino Ferrari (Grand Prix) - 02.09.030 - 01KFM53SSXWCRRWX3CWZG0TVNJ.csv
Linus Rupp,129.042,02:09.042,01KFRW6N4T5GDYQPKYM5Z7ERDQ,7743,Garage 61 - Linus Rupp - Ferrari 296 GT3 - Autodromo Internazionale Enzo e Dino Ferrari (Grand Prix) - 02.09.042 - 01KFRW6N4T5GDYQPKYM5Z7ERDQ.csv
philip robichaud,129.074,02:09.074,01KD4RWG5HDXABW671WHHK13XR,7745,Garage 61 - philip robichaud - Ferrari 296 GT3 - Autodromo Internazionale Enzo e Dino Ferrari (Grand Prix) - 02.09.074 - 01KD4RWG5HDXABW671WHHK13XR.csv
Mark Nikirk,129.099,02:09.099,01KFMJVDWHNY85W32CTA9TDWE5,7747,Garage 61 - Mark Nikirk - Ferrari 296 GT3 - Autodromo Internazionale Enzo e Dino Ferrari (Grand Prix) - 02.09.099 - 01KFMJVDWHNY85W32CTA9TDWE5.csv
Yves Queisert,129.186,02:09.186,01KFQXB59SGJFS37T0BVW1KMQ3,7751,Garage 61 - Yves Queisert - Ferrari 296 GT3 - Autodromo Internazionale Enzo e Dino Ferrari (Grand Prix) - 02.09.186 - 01KFQXB59SGJFS37T0BVW1KMQ3.csv
Jacopo Marzellan,129.258,02:09.258,01KGSZZWGRTC0AASB5EAXE8EWY,7756,Garage 61 - Jacopo Marzellan - Ferrari 296 GT3 - Autodromo Internazionale Enzo e Dino Ferrari (Grand Prix) - 02.09.258 - 01KGSZZWGRTC0AASB5EAXE8EWY.csv
Joshua Arcilla,129.478,02:09.478,01KDCJT0EAH0QT2ERG70DC8JTQ,7769,Garage 61 - Joshua Arcilla - Ferrari 296 GT3 - Autodromo Internazionale Enzo e Dino Ferrari (Grand Prix) - 02.09.478 - 01KDCJT0EAH0QT2ERG70DC8JTQ.csv
Cory Otsuji,129.641,02:09.641,01KFNW1VVV9KNF6GR966QC3MV8,7779,Garage 61 - Cory Otsuji - Ferrari 296 GT3 - Autodromo Internazionale Enzo e Dino Ferrari (Grand Prix) - 02.09.641 - 01KFNW1VVV9KNF6GR966QC3MV8.csv
Sebastian Trujillo,129.671,02:09.671,01KD74QD1Q2P3AYZQN3N2NFWN5,7780,Garage 61 - Sebastian Trujillo - Ferrari 296 GT3 - Autodromo Internazionale Enzo e Dino Ferrari (Grand Prix) - 02.09.671 - 01KD74QD1Q2P3AYZQN3N2NFWN5.csv
Nicholas Veen,129.686,02:09.686,01KFM53SSXWCRRWX3CWWCGTDRH,7781,Garage 61 - Nicholas Veen - Ferrari 296 GT3 - Autodromo Internazionale Enzo e Dino Ferrari (Grand Prix) - 02.09.686 - 01KFM53SSXWCRRWX3CWWCGTDRH.csv
Jae Whan Keum,129.794,02:09.794,01KFJ7AWDV2YEF583H1Z9V93Y4,7788,Garage 61 - Jae Whan Keum - Ferrari 296 GT3 - Autodromo Internazionale Enzo e Dino Ferrari (Grand Prix) - 02.09.794 - 01KFJ7AWDV2YEF583H1Z9V93Y4.csv
Jaka Bezjak,129.8,02:09.800,01KDDW7FM6WZ9SDJK0VP2DDRH3,7788,Garage 61 - Jaka Bezjak - Ferrari 296 GT3 - Autodromo Internazionale Enzo e Dino Ferrari (Grand Prix) - 02.09.800 - 01KDDW7FM6WZ9SDJK0VP2DDRH3.csv
Andy Hill,130.227,02:10.227,01KFME0HNKPEW9KDBRJJGF84A8,7814,Garage 61 - Andy Hill - Ferrari 296 GT3 - Autodromo Internazionale Enzo e Dino Ferrari (Grand Prix) - 02.10.227 - 01KFME0HNKPEW9KDBRJJGF84A8.csv
Tito Oliveira Sobral,130.38,02:10.380,01KFCZ2XXR3PNQ5ARV693TRR7W,7823,Garage 61 - Tito Oliveira Sobral - Ferrari 296 GT3 - Autodromo Internazionale Enzo e Dino Ferrari (Grand Prix) - 02.10.380 - 01KFCZ2XXR3PNQ5ARV693TRR7W.csv
Test Opfer,130.454,02:10.454,01KFWP0A3640W26268KC9JCTFG,7828,Garage 61 - Test Opfer - Ferrari 296 GT3 - Autodromo Internazionale Enzo e Dino Ferrari (Grand Prix) - 02.10.454 - 01KFWP0A3640W26268KC9JCTFG.csv
Dominik Gárel,130.678,02:10.678,01KDXFXGN6CE3JVBWHVBFF7TEW,7841,Garage 61 - Dominik Gárel - Ferrari 296 GT3 - Autodromo Internazionale Enzo e Dino Ferrari (Grand Prix) - 02.10.678 - 01KDXFXGN6CE3JVBWHVBFF7TEW.csv
Jacob Rodolico,130.679,02:10.679,01KFBZQN8BKYZYJZHKXJSBABZB,7842,Garage 61 - Jacob Rodolico - Ferrari 296 GT3 - Autodromo Internazionale Enzo e Dino Ferrari (Grand Prix) - 02.10.679 - 01KFBZQN8BKYZYJZHKXJSBABZB.csv
Alessio Franchi,130.694,02:10.694,01KDFT3TH8M5BRP38E7BP6G6PN,7841,Garage 61 - Alessio Franchi - Ferrari 296 GT3 - Autodromo Internazionale Enzo e Dino Ferrari (Grand Prix) - 02.10.694 - 01KDFT3TH8M5BRP38E7BP6G6PN.csv
Yifei Wang,130.735,02:10.735,01KDDW17MA0CXWDTQD4ARY9GHF,7844,Garage 61 - Yifei Wang - Ferrari 296 GT3 - Autodromo Internazionale Enzo e Dino Ferrari (Grand Prix) - 02.10.735 - 01KDDW17MA0CXWDTQD4ARY9GHF.csv
Jacob Rodolico,131.085,02:11.085,01KFFHJCQ0ED7GRXG7Z3NM1GM4,7865,Garage 61 - Jacob Rodolico - Ferrari 296 GT3 - Autodromo Internazionale Enzo e Dino Ferrari (Grand Prix) - 02.11.085 - 01KFFHJCQ0ED7GRXG7Z3NM1GM4.csv
Noah Rattenhuber,131.263,02:11.263,01KJ3CJXD6W4K4X959AWDD37GY,7876,Garage 61 - Noah Rattenhuber - Ferrari 296 GT3 - Autodromo Internazionale Enzo e Dino Ferrari (Grand Prix) - 02.11.263 - 01KJ3CJXD6W4K4X959AWDD37GY.csv
Jacob Rodolico,131.408,02:11.408,01KFC33C961D4YZQXPJ222THY4,7885,Garage 61 - Jacob Rodolico - Ferrari 296 GT3 - Autodromo Internazionale Enzo e Dino Ferrari (Grand Prix) - 02.11.408 - 01KFC33C961D4YZQXPJ222THY4.csv
Robert Samczyk,131.422,02:11.422,01KDKD2FEECH501TGPM9DKQNK8,7885,Garage 61 - Robert Samczyk - Ferrari 296 GT3 - Autodromo Internazionale Enzo e Dino Ferrari (Grand Prix) - 02.11.422 - 01KDKD2FEECH501TGPM9DKQNK8.csv
Jacob Rodolico,131.603,02:11.603,01KFC5HP52NH5AEBCCH8552R8G,7896,Garage 61 - Jacob Rodolico - Ferrari 296 GT3 - Autodromo Internazionale Enzo e Dino Ferrari (Grand Prix) - 02.11.603 - 01KFC5HP52NH5AEBCCH8552R8G.csv
Tom Christian,131.653,02:11.653,01KFEHJYSCHR3AHZY20RCY7YP1,7899,Garage 61 - Tom Christian - Ferrari 296 GT3 - Autodromo Internazionale Enzo e Dino Ferrari (Grand Prix) - 02.11.653 - 01KFEHJYSCHR3AHZY20RCY7YP1.csv
Jacopo Marzellan,131.654,02:11.654,01KGT01Q0GNATFY0CA1MQTF00Q,7900,Garage 61 - Jacopo Marzellan - Ferrari 296 GT3 - Autodromo Internazionale Enzo e Dino Ferrari (Grand Prix) - 02.11.654 - 01KGT01Q0GNATFY0CA1MQTF00Q.csv
Eugeniy Korolev,131.996,02:11.996,01KEW8XQH1D4GTGNNH86HF822K,7921,Garage 61 - Eugeniy Korolev - Ferrari 296 GT3 - Autodromo Internazionale Enzo e Dino Ferrari (Grand Prix) - 02.11.996 - 01KEW8XQH1D4GTGNNH86HF822K.csv
Aymeric Leloup,132.125,02:12.125,01KCS4V3SWFKE5EVFJR773MB51,7927,Garage 61 - Aymeric Leloup - Ferrari 296 GT3 - Autodromo Internazionale Enzo e Dino Ferrari (Grand Prix) - 02.12.125 - 01KCS4V3SWFKE5EVFJR773MB51.csv
Nathan Vu,132.165,02:12.165,01KDFHGKF5SJQS9KMCTG90E6FE,7930,Garage 61 - Nathan Vu - Ferrari 296 GT3 - Autodromo Internazionale Enzo e Dino Ferrari (Grand Prix) - 02.12.165 - 01KDFHGKF5SJQS9KMCTG90E6FE.csv
Jacob Rodolico,132.26,02:12.260,01KFFHJCQ0ED7GRXG7ZCYDXWZS,7936,Garage 61 - Jacob Rodolico - Ferrari 296 GT3 - Autodromo Internazionale Enzo e Dino Ferrari (Grand Prix) - 02.12.260 - 01KFFHJCQ0ED7GRXG7ZCYDXWZS.csv
Jacopo Marzellan,132.566,02:12.566,01KGSZZ2CH1XA6H1YWF7FT7ZH1,7572,Garage 61 - Jacopo Marzellan - Ferrari 296 GT3 - Autodromo Internazionale Enzo e Dino Ferrari (Grand Prix) - 02.12.566 - 01KGSZZ2CH1XA6H1YWF7FT7ZH1.csv
Shiyu Fan,132.658,02:12.658,01KDJKR6QN84ZGTE5DSBNAS4JC,7959,Garage 61 - Shiyu Fan - Ferrari 296 GT3 - Autodromo Internazionale Enzo e Dino Ferrari (Grand Prix) - 02.12.658 - 01KDJKR6QN84ZGTE5DSBNAS4JC.csv
